{
  "config": {
    "problems": [
      "Branin",
      "logGSobol"
    ],
    "methods": [
      "EI",
      "eRandom",
      "eFront",
      "Exploit"
    ],
    "runs_ours": [
      1,
      2,
      3,
      4,
      5,
      6,
      7,
      8,
      9,
      10,
      11
    ],
    "T": 250,
    "f_opt": {
      "Branin": 0.397887,
      "logGSobol": -6.931471805599453
    },
    "regret_definition": "cummin(|y - yopt|), as exp_05 / their plotting.py",
    "ours_dir": "/Users/houjx/projects/egreedy_tier1b",
    "environment": "georgedeath/egreedy Docker image, linux/amd64 under qemu on Apple Silicon, entrypoint overridden (see literature/death_supplementary_audit.md)"
  },
  "comparisons": {
    "Branin_EI": {
      "n_ours": 11,
      "n_theirs": 51,
      "final_regret_ours": [
        3.32594652341367e-06,
        3.3482546645258182e-06,
        1.9803359635472972e-06,
        1.1157773734948861e-06,
        3.191181021544587e-06,
        1.3348652573297315e-06,
        1.3334040972479144e-06,
        1.0404328272595187e-05,
        5.26302946890489e-07,
        4.153788071614706e-06,
        8.074082503806146e-06
      ],
      "final_regret_theirs_paired": [
        1.259902250694278e-05,
        4.204759137205194e-06,
        3.874687430349688e-06,
        2.9077173459013395e-06,
        9.832670792020437e-07,
        4.138602222591992e-06,
        3.0410735626373864e-06,
        1.4235261972528335e-06,
        5.100117910994406e-06,
        1.0871018155667045e-06,
        1.341244535246755e-05
      ],
      "median_ours": 3.191181021544587e-06,
      "median_theirs_runs1_11": 3.874687430349688e-06,
      "median_theirs_all51": 4.14988791852533e-06,
      "paired_dlog_median": -0.6711984875443946,
      "paired_dlog": [
        -1.331864929840762,
        -0.2277777972828119,
        -0.6711984875443946,
        -0.9578169982077771,
        1.1772655721384595,
        -1.1315277475158219,
        -0.8244754547019024,
        1.9890848686499556,
        -2.2711419466440184,
        1.3405054359182174,
        -0.5075237927415746
      ],
      "sign_test": {
        "n_pos": 3,
        "n_neg": 8,
        "n_zero": 0,
        "p_value": 0.2265625
      },
      "mannwhitney_11_vs_51": {
        "U": 208.0,
        "p_value": 0.18460927038876318
      }
    },
    "Branin_eRandom": {
      "n_ours": 11,
      "n_theirs": 51,
      "final_regret_ours": [
        3.2011235607809496e-06,
        2.455759345987296e-06,
        1.9457785133125682e-06,
        3.927953481475122e-06,
        9.157547830040969e-07,
        2.5194941756789824e-05,
        3.840216206141278e-07,
        1.7796257222313372e-06,
        4.812067697979039e-06,
        1.2472186207146407e-06,
        2.659547193029077e-06
      ],
      "final_regret_theirs_paired": [
        1.0513499470898857e-05,
        1.3976879316923707e-05,
        3.1324678212096835e-05,
        4.6697460553968284e-07,
        1.6575435147769824e-06,
        4.4183115360807435e-06,
        6.14700163548143e-07,
        1.519464421728678e-06,
        2.0653115510027575e-06,
        3.545312455055516e-06,
        5.088953737408808e-06
      ],
      "median_ours": 2.455759345987296e-06,
      "median_theirs_runs1_11": 3.545312455055516e-06,
      "median_theirs_all51": 3.166103380247698e-06,
      "paired_dlog_median": -0.5933433502835399,
      "paired_dlog": [
        -1.1891582343763982,
        -1.7389684677382498,
        -2.778744067270514,
        2.129598948271564,
        -0.5933433502835399,
        1.7408856327373634,
        -0.47043575528929615,
        0.15804515514411577,
        0.8458457793984326,
        -1.0447103270840419,
        -0.6489163767430757
      ],
      "sign_test": {
        "n_pos": 4,
        "n_neg": 7,
        "n_zero": 0,
        "p_value": 0.548828125
      },
      "mannwhitney_11_vs_51": {
        "U": 222.0,
        "p_value": 0.2851925575857548
      }
    },
    "Branin_eFront": {
      "n_ours": 11,
      "n_theirs": 51,
      "final_regret_ours": [
        5.634182406732968e-06,
        1.624993344218062e-06,
        6.208134286533884e-06,
        3.405828198022043e-06,
        5.391846426006097e-07,
        1.1175507123040163e-06,
        8.17303832501004e-07,
        8.500103672370862e-06,
        1.764691365557791e-05,
        5.8991256314255835e-06,
        5.224632096623161e-06
      ],
      "final_regret_theirs_paired": [
        9.513350399670273e-07,
        4.5948203045709235e-06,
        2.6089508641358172e-05,
        1.1456678845500612e-05,
        4.984645365690987e-06,
        2.741667501804379e-06,
        4.740135374770027e-06,
        1.953568971369002e-06,
        4.428726406824346e-06,
        7.926496018439977e-07,
        9.69193917010891e-07
      ],
      "median_ours": 5.224632096623161e-06,
      "median_theirs_runs1_11": 4.428726406824346e-06,
      "median_theirs_all51": 3.5697601007411706e-06,
      "paired_dlog_median": -0.8974268859790175,
      "paired_dlog": [
        1.7787410206683898,
        -1.0394259284044285,
        -1.4356728518997954,
        -1.2130847252394599,
        -2.2240594622140115,
        -0.8974268859790175,
        -1.7578100606264329,
        1.470420418719609,
        1.382448854475344,
        2.007178160868797,
        1.6846749496008702
      ],
      "sign_test": {
        "n_pos": 5,
        "n_neg": 6,
        "n_zero": 0,
        "p_value": 1.0
      },
      "mannwhitney_11_vs_51": {
        "U": 273.0,
        "p_value": 0.8973700467817842
      }
    },
    "Branin_Exploit": {
      "n_ours": 11,
      "n_theirs": 51,
      "final_regret_ours": [
        4.376085713242439e-06,
        6.768810714485873e-06,
        6.4841582209096416e-06,
        1.8396164794820535e-06,
        2.5951680687752443e-06,
        2.4708731095723913e-05,
        1.7635619408151726e-06,
        2.1986117751948697e-06,
        5.409345596230075e-06,
        1.5776200925965433e-05,
        2.107717055888081e-06
      ],
      "final_regret_theirs_paired": [
        5.323692225611687e-06,
        1.2397905092553785e-06,
        3.911479509066673e-06,
        4.5190063823197235e-06,
        1.2637773250001594e-05,
        3.782852115885582e-06,
        6.615258304476512e-07,
        2.082417226101363e-06,
        1.0064412784838161e-05,
        9.786118820853673e-07,
        1.2392901930335931e-05
      ],
      "median_ours": 4.376085713242439e-06,
      "median_theirs_runs1_11": 3.911479509066673e-06,
      "median_theirs_all51": 3.078559232316813e-06,
      "paired_dlog_median": 0.05429680301918616,
      "paired_dlog": [
        -0.19601243794947898,
        1.697382980354023,
        0.5054463118288748,
        -0.8987350279270601,
        -1.5830389253612633,
        1.8766784136990324,
        0.9805418417673906,
        0.05429680301918616,
        -0.6208775914364129,
        2.7801226922368425,
        -1.7715184860320967
      ],
      "sign_test": {
        "n_pos": 6,
        "n_neg": 5,
        "n_zero": 0,
        "p_value": 1.0
      },
      "mannwhitney_11_vs_51": {
        "U": 353.0,
        "p_value": 0.18460927038876318
      }
    },
    "logGSobol_EI": {
      "n_ours": 11,
      "n_theirs": 51,
      "final_regret_ours": [
        5.590756381636092,
        7.9312119425369225,
        6.356205220779699,
        7.284296559083416,
        6.869580001452646,
        6.837249307583693,
        4.799808778171675,
        6.596262654646442,
        6.40876143166682,
        5.997417406509306,
        6.186703367687226
      ],
      "final_regret_theirs_paired": [
        8.920196232422064,
        6.525442654535425,
        8.274510940852503,
        7.07356903137318,
        4.980532464162121,
        8.855345285286269,
        8.477067205318463,
        7.022416651771073,
        7.380996006257367,
        6.097990552539583,
        7.723716207877637
      ],
      "median_ours": 6.40876143166682,
      "median_theirs_runs1_11": 7.380996006257367,